USE RCMS;
GO

SET IDENTITY_INSERT Radio.Sector ON
INSERT INTO Radio.Sector
    (id, Name, Frequency)
VALUES (1, '1 North', 120.950),
       (2, '1 East', 132.500),
       (3, '1 West', 119.300),
       (4, '2 East', 134.400),
       (5, '2 West', 125.700),
       (6, '3 North', 126.900),
       (7, '3 South', 128.750),
       (8, '4 South', 134.475),
       (9, '4 East', 133.400),
       (10, '4 West', 132.300),
       (11, '5 East', 132.100),
       (12, '5 West', 120.300),
       (13, '6 East', 123.900),
       (14, '6 West', 132.750),
       (15, '7', 120.700);
SET IDENTITY_INSERT Radio.Sector OFF
GO

INSERT INTO Radio.Station
    (Code, Availability, Name)
VALUES ('ANK', 1, 'Anarak Isfahan RCAG'),
       ('AWZ', 0, 'Ahwaz Airport RCAG'),
       ('BJD', 1, 'Taghi-Ghanbar Birjand RCAG'),
       ('BND', 1, 'Geno Bandar-Abbas RCAG'),
       ('BRG', 0, 'Birg Zahedan RCAG'),
       ('BUZ', 1, 'Bushehr Airport RCAG'),
       ('CBH', 0, 'Chahbahar RCAG'),
       ('ISN', 1, 'Isfahan Airport RCAG'),
       ('KIS', 0, 'Kish Airport RCAG'),
       ('KMS', 1, 'Khorein Kermanshah RCAG'),
       ('MSD', 1, 'Khaje-Mohammad-Mirza Mashhad RCAG'),
       ('SYZ', 1, 'Seyedan Shiraz RCAG'),
       ('TBZ', 1, 'Ghare-Tappe Tabriz RCAG'),
       ('YZD', 1, 'Sento Yazd RCAG'),
       ('ZDN', 0, 'Padegi Zahedan RCAG'),
       ('WSP', 0, 'Workshop ACC RCAG');
GO

Insert Into Radio.Radio
(Name, Station, Frequency_No, Sector, RadioType, MainStandBy, IP)
VALUES ('BUZ_RX_V1M', 'BUZ', 1, 6, 0, 0, '192.168.6.11'),
       ('BUZ_RX_V1S', 'BUZ', 1, 6, 0, 1, '192.168.6.21'),
       ('BUZ_TX_V1M', 'BUZ', 1, 6, 1, 0, '192.168.6.31'),
       ('BUZ_TX_V1S', 'BUZ', 1, 6, 1, 1, '192.168.6.41'),
       ('BUZ_RX_V2M', 'BUZ', 2, 9, 0, 0, '192.168.6.12'),
       ('BUZ_RX_V2S', 'BUZ', 2, 9, 0, 1, '192.168.6.22'),
       ('BUZ_TX_V2M', 'BUZ', 2, 9, 1, 0, '192.168.6.32'),
       ('BUZ_TX_V2S', 'BUZ', 2, 9, 1, 1, '192.168.6.42'),
       ('BUZ_RX_V3M', 'BUZ', 3, 7, 0, 0, '192.168.6.13'),
       ('BUZ_RX_V3S', 'BUZ', 3, 7, 0, 1, '192.168.6.23'),
       ('BUZ_TX_V3M', 'BUZ', 3, 7, 1, 0, '192.168.6.33'),
       ('BUZ_TX_V3S', 'BUZ', 3, 7, 1, 1, '192.168.6.43'),

       ('KMS_RX_V1M', 'KMS', 1, 3, 0, 0, '192.168.6.14'),
       ('KMS_RX_V1S', 'KMS', 1, 3, 0, 1, '192.168.6.24'),
       ('KMS_TX_V1M', 'KMS', 1, 3, 1, 0, '192.168.6.34'),
       ('KMS_TX_V1S', 'KMS', 1, 3, 1, 1, '192.168.6.44'),
       ('KMS_RX_V2M', 'KMS', 2, 5, 0, 0, '192.168.6.15'),
       ('KMS_RX_V2S', 'KMS', 2, 5, 0, 1, '192.168.6.25'),
       ('KMS_TX_V2M', 'KMS', 2, 5, 1, 0, '192.168.6.35'),
       ('KMS_TX_V2S', 'KMS', 2, 5, 1, 1, '192.168.6.45'),
       ('KMS_RX_V3M', 'KMS', 3, 2, 0, 0, '192.168.6.16'),
       ('KMS_RX_V3S', 'KMS', 3, 2, 0, 1, '192.168.6.26'),
       ('KMS_TX_V3M', 'KMS', 3, 2, 1, 0, '192.168.6.36'),
       ('KMS_TX_V3S', 'KMS', 3, 2, 1, 1, '192.168.6.46'),

       ('BJD_RX_V1M', 'BJD', 1, 13, 0, 0, '192.168.6.17'),
       ('BJD_RX_V1S', 'BJD', 1, 13, 0, 1, '192.168.6.27'),
       ('BJD_TX_V1M', 'BJD', 1, 13, 1, 0, '192.168.6.37'),
       ('BJD_TX_V1S', 'BJD', 1, 13, 1, 1, '192.168.6.47'),
       ('BJD_RX_V2M', 'BJD', 2, 15, 0, 0, '192.168.6.18'),
       ('BJD_RX_V2S', 'BJD', 2, 15, 0, 1, '192.168.6.28'),
       ('BJD_TX_V2M', 'BJD', 2, 15, 1, 0, '192.168.6.38'),
       ('BJD_TX_V2S', 'BJD', 2, 15, 1, 1, '192.168.6.48'),
       ('BJD_RX_V3M', 'BJD', 3, 14, 0, 0, '192.168.6.19'),
       ('BJD_RX_V3S', 'BJD', 3, 14, 0, 1, '192.168.6.29'),
       ('BJD_TX_V3M', 'BJD', 3, 14, 1, 0, '192.168.6.39'),
       ('BJD_TX_V3S', 'BJD', 3, 14, 1, 1, '192.168.6.49'),

       ('ISN_RX_V1M', 'ISN', 1, 5, 0, 0, '192.168.9.31'),
       ('ISN_RX_V1S', 'ISN', 1, 5, 0, 1, '192.168.9.41'),
       ('ISN_TX_V1M', 'ISN', 1, 5, 1, 0, '192.168.9.11'),
       ('ISN_TX_V1S', 'ISN', 1, 5, 1, 1, '192.168.9.21'),
       ('ISN_RX_V2M', 'ISN', 2, 6, 0, 0, '192.168.9.32'),
       ('ISN_RX_V2S', 'ISN', 2, 6, 0, 1, '192.168.9.42'),
       ('ISN_TX_V2M', 'ISN', 2, 6, 1, 0, '192.168.9.12'),
       ('ISN_TX_V2S', 'ISN', 2, 6, 1, 1, '192.168.9.22'),
       ('ISN_RX_V3M', 'ISN', 3, 4, 0, 0, '192.168.9.33'),
       ('ISN_RX_V3S', 'ISN', 3, 4, 0, 1, '192.168.9.43'),
       ('ISN_TX_V3M', 'ISN', 3, 4, 1, 0, '192.168.9.13'),
       ('ISN_TX_V3S', 'ISN', 3, 4, 1, 1, '192.168.9.23'),

       ('ANK_RX_V1M', 'ANK', 1, 15, 0, 0, '192.168.6.54'),
       ('ANK_RX_V1S', 'ANK', 1, 15, 0, 1, '192.168.6.64'),
       ('ANK_TX_V1M', 'ANK', 1, 15, 1, 0, '192.168.6.74'),
       ('ANK_TX_V1S', 'ANK', 1, 15, 1, 1, '192.168.6.84'),
       ('ANK_RX_V2M', 'ANK', 2, 13, 0, 0, '192.168.6.55'),
       ('ANK_RX_V2S', 'ANK', 2, 13, 0, 1, '192.168.6.65'),
       ('ANK_TX_V2M', 'ANK', 2, 13, 1, 0, '192.168.6.75'),
       ('ANK_TX_V2S', 'ANK', 2, 13, 1, 1, '192.168.6.85'),
       ('ANK_RX_V3M', 'ANK', 3, 14, 0, 0, '192.168.6.56'),
       ('ANK_RX_V3S', 'ANK', 3, 14, 0, 1, '192.168.6.66'),
       ('ANK_TX_V3M', 'ANK', 3, 14, 1, 0, '192.168.6.76'),
       ('ANK_TX_V3S', 'ANK', 3, 14, 1, 1, '192.168.6.86'),

       ('BND_RX_V1M', 'BND', 1, 8, 0, 0, '192.168.4.31'),
       ('BND_RX_V1S', 'BND', 1, 8, 0, 1, '192.168.4.41'),
       ('BND_TX_V1M', 'BND', 1, 8, 1, 0, '192.168.4.11'),
       ('BND_TX_V1S', 'BND', 1, 8, 1, 1, '192.168.4.21'),
       ('BND_RX_V2M', 'BND', 2, 12, 0, 0, '192.168.4.32'),
       ('BND_RX_V2S', 'BND', 2, 12, 0, 1, '192.168.4.42'),
       ('BND_TX_V2M', 'BND', 2, 12, 1, 0, '192.168.4.12'),
       ('BND_TX_V2S', 'BND', 2, 12, 1, 1, '192.168.4.22'),
       ('BND_RX_V3M', 'BND', 3, 11, 0, 0, '192.168.4.33'),
       ('BND_RX_V3S', 'BND', 3, 11, 0, 1, '192.168.4.43'),
       ('BND_TX_V3M', 'BND', 3, 11, 1, 0, '192.168.4.13'),
       ('BND_TX_V3S', 'BND', 3, 11, 1, 1, '192.168.4.23'),

       ('TBZ_RX_V1M', 'TBZ', 1, 3, 0, 0, '192.168.22.31'),
       ('TBZ_RX_V1S', 'TBZ', 1, 3, 0, 1, '192.168.22.41'),
       ('TBZ_TX_V1M', 'TBZ', 1, 3, 1, 0, '192.168.22.11'),
       ('TBZ_TX_V1S', 'TBZ', 1, 3, 1, 1, '192.168.22.21'),
       ('TBZ_RX_V2M', 'TBZ', 2, 2, 0, 0, '192.168.22.32'),
       ('TBZ_RX_V2S', 'TBZ', 2, 2, 0, 1, '192.168.22.42'),
       ('TBZ_TX_V2M', 'TBZ', 2, 2, 1, 0, '192.168.22.12'),
       ('TBZ_TX_V2S', 'TBZ', 2, 2, 1, 1, '192.168.22.22'),
       ('TBZ_RX_V3M', 'TBZ', 3, 1, 0, 0, '192.168.22.33'),
       ('TBZ_RX_V3S', 'TBZ', 3, 1, 0, 1, '192.168.22.43'),
       ('TBZ_TX_V3M', 'TBZ', 3, 1, 1, 0, '192.168.22.13'),
       ('TBZ_TX_V3S', 'TBZ', 3, 1, 1, 1, '192.168.22.23'),

       ('SYZ_RX_V1M', 'SYZ', 1, 6, 0, 0, '192.168.20.31'),
       ('SYZ_RX_V1S', 'SYZ', 1, 6, 0, 1, '192.168.20.41'),
       ('SYZ_TX_V1M', 'SYZ', 1, 6, 1, 0, '192.168.20.11'),
       ('SYZ_TX_V1S', 'SYZ', 1, 6, 1, 1, '192.168.20.21'),
       ('SYZ_RX_V2M', 'SYZ', 2, 9, 0, 0, '192.168.20.32'),
       ('SYZ_RX_V2S', 'SYZ', 2, 9, 0, 1, '192.168.20.42'),
       ('SYZ_TX_V2M', 'SYZ', 2, 9, 1, 0, '192.168.20.12'),
       ('SYZ_TX_V2S', 'SYZ', 2, 9, 1, 1, '192.168.20.22'),
       ('SYZ_RX_V3M', 'SYZ', 3, 7, 0, 0, '192.168.20.33'),
       ('SYZ_RX_V3S', 'SYZ', 3, 7, 0, 1, '192.168.20.43'),
       ('SYZ_TX_V3M', 'SYZ', 3, 7, 1, 0, '192.168.20.13'),
       ('SYZ_TX_V3S', 'SYZ', 3, 7, 1, 1, '192.168.20.23'),

       ('MSD_RX_V1M', 'MSD', 1, 15, 0, 0, '192.168.16.31'),
       ('MSD_RX_V1S', 'MSD', 1, 15, 0, 1, '192.168.16.41'),
       ('MSD_TX_V1M', 'MSD', 1, 15, 1, 0, '192.168.16.11'),
       ('MSD_TX_V1S', 'MSD', 1, 15, 1, 1, '192.168.16.21'),

       ('YZD_RX_V1M', 'YZD', 1, 14, 0, 0, '192.168.23.31'),
       ('YZD_RX_V1S', 'YZD', 1, 14, 0, 1, '192.168.23.41'),
       ('YZD_TX_V1M', 'YZD', 1, 14, 1, 0, '192.168.23.11'),
       ('YZD_TX_V1S', 'YZD', 1, 14, 1, 1, '192.168.23.21'),
       ('YZD_RX_V2M', 'YZD', 2, 13, 0, 0, '192.168.23.32'),
       ('YZD_RX_V2S', 'YZD', 2, 13, 0, 1, '192.168.23.42'),
       ('YZD_TX_V2M', 'YZD', 2, 13, 1, 0, '192.168.23.12'),
       ('YZD_TX_V2S', 'YZD', 2, 13, 1, 1, '192.168.23.22');

GO
